{"_wandb":{"runtime":10},"parameters/mlp_extractor.value_net.0.bias":{"values":[1,1,0,0,1,0,1,4,3,3,3,2,0,7,0,3,5,2,0,0,0,0,0,0,0,0,0,0,0,0,0,0,0,0,0,0,0,0,0,0,0,0,0,0,3,4,1,2,5,3,1,2,2,0,1,0,0,3,0,0,0,0,0,1],"bins":[-0.41445574164390564,-0.40077221393585205,-0.38708871603012085,-0.37340518832206726,-0.35972166061401367,-0.34603816270828247,-0.3323546350002289,-0.3186711370944977,-0.3049876093864441,-0.2913040816783905,-0.2776205837726593,-0.2639370560646057,-0.2502535581588745,-0.23657003045082092,-0.22288650274276733,-0.20920298993587494,-0.19551947712898254,-0.18183596432209015,-0.16815245151519775,-0.15446892380714417,-0.14078541100025177,-0.12710189819335938,-0.11341837793588638,-0.09973485767841339,-0.086051344871521,-0.0723678320646286,-0.05868431180715561,-0.045000795274972916,-0.03131727874279022,-0.01763376221060753,-0.003950245678424835,0.009733270853757858,0.023416757583618164,0.03710027411580086,0.05078379064798355,0.06446731090545654,0.07815082371234894,0.09183433651924133,0.10551785677671432,0.11920137703418732,0.1328848898410797,0.1465684026479721,0.1602519154548645,0.1739354431629181,0.18761895596981049,0.20130246877670288,0.21498599648475647,0.22866950929164886,0.24235302209854126,0.25603654980659485,0.26972004771232605,0.28340357542037964,0.29708707332611084,0.31077060103416443,0.324454128742218,0.3381376266479492,0.3518211543560028,0.3655046820640564,0.3791881799697876,0.3928717076778412,0.4065552353858948,0.420238733291626,0.43392226099967957,0.44760575890541077,0.46128928661346436],"_type":"histogram"},"parameters/mlp_extractor.policy_net.2.bias":{"bins":[-0.005616638343781233,-0.005473308730870485,-0.005329979583621025,-0.0051866499707102776,-0.00504332035779953,-0.00489999121055007,-0.004756661597639322,-0.004613332450389862,-0.0044700028374791145,-0.004326673224568367,-0.004183344077318907,-0.004040014464408159,-0.0038966850843280554,-0.0037533557042479515,-0.003610026091337204,-0.0034666967112571,-0.0033233673311769962,-0.0031800379510968924,-0.0030367085710167885,-0.002893378958106041,-0.002750049578025937,-0.002606720197945833,-0.0024633905850350857,-0.002320061204954982,-0.002176731824874878,-0.002033402444794774,-0.0018900729482993484,-0.0017467434518039227,-0.0016034140717238188,-0.001460084691643715,-0.0013167551951482892,-0.0011734256986528635,-0.001030096784234047,-0.0008867673459462821,-0.0007434379076585174,-0.0006001084693707526,-0.0004567790310829878,-0.000313449592795223,-0.0001701201545074582,-2.6790716219693422e-05,0.00011653872206807137,0.00025986816035583615,0.00040319759864360094,0.0005465270369313657,0.0006898564752191305,0.0008331859135068953,0.0009765153517946601,0.0011198448482900858,0.0012631742283701897,0.0014065036084502935,0.0015498331049457192,0.001693162601441145,0.0018364919815212488,0.0019798213616013527,0.0021231509745121002,0.002266480354592204,0.002409809734672308,0.002553139114752412,0.0026964684948325157,0.0028397981077432632,0.002983127487823367,0.003126456867903471,0.0032697864808142185,0.0034131158608943224,0.0035564452409744263],"_type":"histogram","values":[1,0,0,0,0,0,0,0,0,0,0,0,0,0,0,0,0,1,0,1,2,0,0,1,0,0,0,0,1,1,1,4,1,2,1,1,5,2,3,2,2,2,2,3,2,4,0,3,2,2,1,4,0,1,3,0,1,1,0,0,0,0,0,1]},"_runtime":10.39382028,"parameters/mlp_extractor.policy_net.0.bias":{"_type":"histogram","values":[1,0,0,0,0,0,1,1,0,0,1,0,0,0,2,0,0,1,1,1,0,2,0,1,2,1,1,2,0,2,1,2,2,0,2,3,0,1,0,2,1,3,2,3,2,0,2,3,0,1,3,1,5,0,1,0,1,0,0,1,0,0,1,1],"bins":[-0.006026819813996553,-0.005867630243301392,-0.00570844067260623,-0.005549251101911068,-0.005390061531215906,-0.005230871960520744,-0.005071681924164295,-0.004912492353469133,-0.0047533027827739716,-0.00459411321207881,-0.004434923641383648,-0.004275734070688486,-0.004116544499993324,-0.0039573549292981625,-0.003798165125772357,-0.003638975555077195,-0.0034797859843820333,-0.0033205964136868715,-0.0031614068429917097,-0.0030022170394659042,-0.0028430274687707424,-0.0026838378980755806,-0.0025246483273804188,-0.002365458756685257,-0.002206269185990095,-0.0020470793824642897,-0.0018878898117691278,-0.001728700241073966,-0.0015695106703788042,-0.0014103209832683206,-0.0012511314125731587,-0.001091941725462675,-0.0009327521547675133,-0.0007735625258646905,-0.0006143728969618678,-0.000455183326266706,-0.00029599369736388326,-0.00013680408301297575,2.2385531337931752e-05,0.00018157514568883926,0.00034076476003974676,0.0004999543889425695,0.0006591440178453922,0.000818333588540554,0.0009775231592357159,0.0011367128463461995,0.0012959024170413613,0.001455092104151845,0.0016142816748470068,0.0017734712455421686,0.0019326609326526523,0.002091850619763136,0.0022510401904582977,0.0024102297611534595,0.0025694193318486214,0.002728608902543783,0.002887798473238945,0.0030469882767647505,0.0032061778474599123,0.003365367418155074,0.003524556988850236,0.0036837465595453978,0.0038429363630712032,0.004002125933766365,0.004161315504461527]},"parameters/mlp_extractor.value_net.0.weight":{"_type":"histogram","values":[2,0,1,2,3,3,6,3,9,15,24,30,56,61,73,101,135,233,289,342,487,678,902,1211,1649,2103,2646,3195,3650,4033,4333,4428,4235,3824,3601,3015,2581,2024,1489,1092,809,628,465,319,228,195,131,103,86,40,29,21,24,19,4,3,4,0,3,1,1,1,1,1],"bins":[-0.3773899972438812,-0.36531203985214233,-0.35323408246040344,-0.34115612506866455,-0.32907816767692566,-0.31700021028518677,-0.3049222528934479,-0.292844295501709,-0.2807663679122925,-0.2686884105205536,-0.2566104531288147,-0.2445324808359146,-0.23245453834533691,-0.22037658095359802,-0.20829862356185913,-0.19622066617012024,-0.18414270877838135,-0.17206475138664246,-0.15998679399490356,-0.14790883660316467,-0.13583087921142578,-0.12375292927026749,-0.11167497932910919,-0.0995970219373703,-0.08751906454563141,-0.07544110715389252,-0.06336314976215363,-0.05128519982099533,-0.03920724242925644,-0.027129286900162697,-0.015051331371068954,-0.002973375841975212,0.00910457968711853,0.021182535216212273,0.033260490745306015,0.04533844441175461,0.0574164018034935,0.06949435919523239,0.08157230913639069,0.09365026652812958,0.10572822391986847,0.11780618131160736,0.12988413870334625,0.14196209609508514,0.15404003858566284,0.16611799597740173,0.17819595336914062,0.19027391076087952,0.2023518681526184,0.2144298255443573,0.2265077829360962,0.23858574032783508,0.250663697719574,0.26274165511131287,0.27481961250305176,0.28689756989479065,0.29897552728652954,0.31105345487594604,0.32313141226768494,0.33520936965942383,0.3472873270511627,0.3593652844429016,0.3714432418346405,0.3835211992263794,0.3955991566181183]},"parameters/value_net.bias":{"_type":"histogram","values":[1],"bins":[-2.6516692638397217,-2.6516692638397217]},"parameters/value_net.weight":{"_type":"histogram","values":[14,20,1,0,0,0,0,0,0,0,0,0,0,0,0,0,0,0,0,0,0,0,0,0,0,0,0,0,0,0,0,0,0,0,0,0,0,0,0,0,0,0,0,0,0,0,0,0,0,0,0,0,0,0,0,0,0,0,0,0,0,10,15,4],