{"parameters/action_net.weight":{"_type":"histogram","values":[1,1,1,1,0,0,1,2,3,2,1,0,2,2,4,4,1,1,4,2,3,2,2,5,2,1,7,3,2,2,2,0,0,5,1,1,5,5,3,5,2,1,2,5,1,3,0,3,5,2,0,2,1,2,0,5,1,0,0,0,1,1,1,1],"bins":[-0.09799712151288986,-0.09489001333713531,-0.09178289771080017,-0.08867578953504562,-0.08556868135929108,-0.08246157318353653,-0.07935445755720139,-0.07624734938144684,-0.07314024120569229,-0.07003312557935715,-0.0669260174036026,-0.06381890922784805,-0.06071179732680321,-0.05760468915104866,-0.054497577250003815,-0.05139046907424927,-0.04828335717320442,-0.045176245272159576,-0.04206913709640503,-0.038962025195360184,-0.03585491701960564,-0.03274780511856079,-0.029640695080161095,-0.0265335850417614,-0.023426475003361702,-0.020319364964962006,-0.01721225492656231,-0.014105143956840038,-0.010998033918440342,-0.007890923880040646,-0.004783813375979662,-0.001676703104749322,0.001430407166481018,0.004537517204880714,0.007644627708941698,0.010751738213002682,0.013858848251402378,0.01696595922112465,0.020073069259524345,0.023180179297924042,0.026287289336323738,0.029394399374723434,0.03250151127576828,0.03560861945152283,0.03871573135256767,0.04182283952832222,0.044929951429367065,0.04803705960512161,0.05114417150616646,0.054251283407211304,0.05735839158296585,0.060465503484010696,0.06357261538505554,0.06667972356081009,0.06978683173656464,0.07289393991231918,0.07600105553865433,0.07910816371440887,0.08221527189016342,0.08532238751649857,0.08842949569225311,0.09153660386800766,0.09464371204376221,0.09775082767009735,0.1008579358458519]},"parameters/action_net.bias":{"bins":[-0.038120850920677185,-0.036929573863744736,-0.035738296806812286,-0.034547023475170135,-0.033355746418237686,-0.03216446936130524,-0.030973194167017937,-0.029781918972730637,-0.028590641915798187,-0.027399364858865738,-0.026208089664578438,-0.025016814470291138,-0.02382553741335869,-0.02263426035642624,-0.02144298516213894,-0.02025170996785164,-0.01906043291091919,-0.01786915585398674,-0.01667788065969944,-0.015486604534089565,-0.01429532840847969,-0.013104052282869816,-0.011912776157259941,-0.010721500031650066,-0.009530223906040192,-0.008338947780430317,-0.007147671654820442,-0.0059563955292105675,-0.004765119403600693,-0.003573843277990818,-0.0023825671523809433,-0.0011912910267710686,-1.4901161193847656e-08,0.0011912612244486809,0.0023825373500585556,0.0035738134756684303,0.004765089601278305,0.00595636572688818,0.0071476418524980545,0.00833891797810793,0.009530194103717804,0.010721470229327679,0.011912746354937553,0.013104022480547428,0.014295298606157303,0.015486574731767178,0.016677850857377052,0.017869126051664352,0.019060403108596802,0.02025168016552925,0.02144295535981655,0.02263423055410385,0.0238255076110363,0.02501678466796875,0.02620805986225605,0.02739933505654335,0.0285906121134758,0.02978188917040825,0.03097316436469555,0.03216443955898285,0.0333557166159153,0.03454699367284775,0.0357382670044899,0.03692954406142235,0.0381208211183548],"_type":"histogram","values":[1,0,0,0,0,0,0,0,0,0,0,0,0,0,0,0,0,0,0,0,0,0,0,0,0,0,0,0,0,0,0,0,0,0,0,0,0,0,0,0,0,0,0,0,0,0,0,0,0,0,0,0,0,0,0,0,0,0,0,0,0,0,0,1]},"parameters/mlp_extractor.policy_net.2.weight":{"_type":"histogram","values":[2,2,1,5,3,3,5,8,7,14,12,20,31,26,29,51,39,62,65,73,99,88,91,117,141,143,136,149,162,179,170,180,162,141,149,164,152,150,119,142,108,97,100,81,69,68,48,53,44,42,16,12,20,6,9,5,9,1,5,5,4,1,0,1],"bins":[-0.5832744836807251,-0.5648769736289978,-0.5464794635772705,-0.5280819535255432,-0.5096844434738159,-0.491286963224411,-0.4728894829750061,-0.4544919729232788,-0.4360944628715515,-0.4176969528198242,-0.3992994427680969,-0.380901962518692,-0.3625044524669647,-0.3441069424152374,-0.3257094621658325,-0.3073119521141052,-0.28891444206237793,-0.27051693201065063,-0.25211942195892334,-0.23372194170951843,-0.21532443165779114,-0.19692692160606384,-0.17852942645549774,-0.16013193130493164,-0.14173442125320435,-0.12333691865205765,-0.10493941605091095,-0.08654191344976425,-0.06814441084861755,-0.049746908247470856,-0.03134940564632416,-0.01295190304517746,0.005445539951324463,0.02384304255247116,0.04224054515361786,0.06063804775476456,0.07903555035591125,0.09743305295705795,0.11583055555820465,0.13422805070877075,0.15262556076049805,0.17102307081222534,0.18942056596279144,0.20781806111335754,0.22621557116508484,0.24461308121681213,0.26301056146621704,0.28140807151794434,0.29980558156967163,0.3182030916213989,0.3366006016731262,0.35499808192253113,0.3733955919742584,0.3917931020259857,0.4101905822753906,0.4285880923271179,0.4469856023788452,0.4653831124305725,0.4837806224822998,0.5021781325340271,0.5205756425857544,0.5389730930328369,0.5573706030845642,0.5757681131362915,0.5941656231880188]},"parameters/mlp_extractor.value_net.0.weight":{"bins":[-0.49495330452919006,-0.4808158874511719,-0.4666784405708313,-0.4525410234928131,-0.43840357661247253,-0.42426615953445435,-0.41012874245643616,-0.3959912955760956,-0.3818538784980774,-0.3677164316177368,-0.35357901453971863,-0.33944159746170044,-0.32530415058135986,-0.3111667335033417,-0.2970292866230011,-0.2828918695449829,-0.26875442266464233,-0.25461700558662415,-0.24047957360744476,-0.22634215652942657,-0.2122047245502472,-0.1980672925710678,-0.18392986059188843,-0.16979242861270905,-0.15565499663352966,-0.14151757955551147,-0.1273801475763321,-0.11324271559715271,-0.09910528361797333,-0.08496785908937454,-0.07083042711019516,-0.056692998856306076,-0.04255557060241699,-0.02841814234852791,-0.014280712231993675,-0.00014328304678201675,0.013994146138429642,0.028131574392318726,0.04226900637149811,0.05640643462538719,0.07054386287927628,0.08468129485845566,0.09881871938705444,0.11295615136623383,0.1270935833454132,0.1412310153245926,0.15536843240261078,0.16950586438179016,0.18364329636096954,0.19778072834014893,0.2119181603193283,0.2260555773973465,0.24019300937652588,0.25433045625686646,0.26846787333488464,0.28260529041290283,0.2967427372932434,0.3108801543712616,0.3250176012516022,0.33915501832962036,0.35329243540763855,0.3674298822879791,0.3815672993659973,0.3957047462463379,0.4098421633243561],"_type":"histogram","values":[1,0,3,0,1,1,1,3,5,3,5,7,9,14,14,28,34,45,62,100,123,150,264,325,460,623,807,1185,1582,2120,2709,3384,4106,4642,4865,4860,4511,4108,3566,2963,2266,1576,1170,850,607,428,298,242,178,112,62,53,41,33,20,22,9,9,4,4,3,2,0,2]},"parameters/mlp_extractor.value_net.2.weight":{"_type":"histogram","values":[1,0,1,1,2,2,2,4,3,17,15,16,36,46,41,79,96,111,123,130,144,140,165,134,136,133,107,102,127,132,115,133,129,112,115,145,118,140,140,139,140,121,110,89,90,60,45,33,26,17,7,10,3,3,4,2,1,1,0,0,0,1,0,1],"bins":[-1.0565911531448364,-1.0213429927825928,-0.9860947132110596,-0.9508465528488159,-0.9155983328819275,-0.8803501129150391,-0.8451019525527954,-0.809853732585907,-0.7746055126190186,-0.7393572926521301,-0.7041090726852417,-0.668860912322998,-0.6336126923561096,-0.5983644723892212,-0.5631163120269775,-0.5278680920600891,-0.4926198720932007,-0.45737165212631226,-0.4221234619617462,-0.3868752717971802,-0.35162705183029175,-0.3163788318634033,-0.2811306416988373,-0.24588243663311005,-0.2106342315673828,-0.17538602650165558,-0.14013782143592834,-0.10488961637020111,-0.06964141130447388,-0.03439320623874664,0.0008549988269805908,0.036103203892707825,0.07135152816772461,0.10659973323345184,0.14184793829917908,0.1770961433649063,0.21234434843063354,0.24759255349636078,0.282840758562088,0.31808894872665405,0.3533371686935425,0.3885853886604309,0.42383357882499695,0.459081768989563,0.4943299889564514,0.5295782089233398,0.5648263692855835,0.6000745892524719,0.6353228092193604,0.6705710291862488,0.7058192491531372,0.7410674095153809,0.7763156294822693,0.8115638494491577,0.8468120098114014,0.8820602297782898,0.9173084497451782,0.9525566697120667,0.9878048896789551,1.0230530500411987,1.0583012104034424,1.0935494899749756,1.1287976503372192,1.1640459299087524,1.199294090270996]},"parameters/mlp_extractor.value_net.2.bias":{"_type":"histogram",